Rodada,Mandante,Placar_Mandante,Placar_Visitante,Visitante,Estadio,Data,Dia,Hora,chutes_mandante,chutes_visitante,chutes_a_gol_mandante,chutes_a_gol_visitante,posse_de_bola_mandante,posse_de_bola_visitante,passes_mandante,passes_visitante,precisão_de_passe_mandante,precisão_de_passe_visitante,faltas_mandante,faltas_visitante,cartões_amarelos_mandante,cartões_amarelos_visitante,cartões_vermelhos_mandante,cartões_vermelhos_visitante,impedimentos_mandante,impedimentos_visitante,escanteios_mandante,escanteios_visitante,resultado,resultado_numerico
1,Vitória,0,1,Palmeiras,Barradão,14/04,Domingo,18:30,13.0,15.0,5.0,4.0,56%,44%,403.0,307.0,84%,78%,12.0,15.0,3.0,5.0,0.0,0.0,2.0,3.0,3.0,9.0,VitoriaVisitante,-1
1,Internacional,2,1,Bahia,Beira-Rio,13/04,Sábado,18:30,17.0,9.0,9.0,4.0,53%,47%,513.0,467.0,85%,82%,21.0,13.0,5.0,3.0,0.0,0.0,3.0,2.0,6.0,3.0,VitoriaMandante,1
1,Criciúma,1,1,Juventude,Heriberto Hülse,13/04,Sábado,18:30,10.0,15.0,3.0,4.0,47%,53%,423.0,464.0,80%,81%,11.0,15.0,4.0,6.0,0.0,0.0,3.0,4.0,0.0,4.0,Empate,0
1,Fluminense,2,2,Bragantino,Maracanã,13/04,Sábado,21:00,26.0,16.0,11.0,8.0,70%,30%,520.0,228.0,86%,68%,8.0,19.0,3.0,4.0,0.0,0.0,0.0,0.0,13.0,6.0,Empate,0
1,São Paulo,1,2,Fortaleza,Morumbis,13/04,Sábado,21:00,14.0,6.0,5.0,2.0,73%,27%,691.0,272.0,87%,67%,10.0,14.0,2.0,3.0,0.0,0.0,2.0,1.0,11.0,4.0,VitoriaVisitante,-1
1,Cruzeiro,3,2,Botafogo,Mineirão,14/04,Domingo,17:00,15.0,6.0,5.0,3.0,57%,43%,399.0,319.0,83%,78%,12.0,11.0,4.0,3.0,0.0,1.0,2.0,0.0,6.0,3.0,VitoriaMandante,1
1,Corinthians,0,0,Atlético-MG,Neo Química Arena,14/04,Domingo,16:00,14.0,8.0,2.0,3.0,47%,53%,347.0,400.0,79%,80%,16.0,14.0,8.0,4.0,0.0,1.0,0.0,2.0,3.0,3.0,Empate,0
1,Athletico-PR,4,0,Cuiabá,Ligga Arena,14/04,Domingo,16:00,20.0,1.0,9.0,0.0,62%,38%,582.0,367.0,87%,84%,16.0,9.0,0.0,3.0,0.0,0.0,2.0,1.0,7.0,0.0,VitoriaMandante,1
1,Atlético-GO,1,2,Flamengo,Serra Dourada,14/04,Domingo,16:00,11.0,15.0,4.0,2.0,31%,69%,208.0,471.0,72%,85%,12.0,12.0,5.0,3.0,2.0,0.0,2.0,1.0,4.0,4.0,VitoriaVisitante,-1
1,Vasco,2,1,Grêmio,São Januário,14/04,Domingo,16:00,15.0,9.0,3.0,2.0,47%,53%,446.0,504.0,85%,87%,19.0,10.0,4.0,1.0,0.0,0.0,1.0,1.0,3.0,5.0,VitoriaMandante,1
2,Bahia,2,1,Fluminense,Casa de Apostas Arena Fonte Nova,16/04,Terça,21:30,12.0,9.0,5.0,3.0,39%,61%,353.0,536.0,79%,86%,15.0,23.0,4.0,5.0,0.0,0.0,3.0,2.0,4.0,3.0,VitoriaMandante,1
2,Grêmio,2,0,Athletico-PR,Arena do Grêmio,17/04,Quarta,19:00,14.0,4.0,7.0,0.0,48%,52%,434.0,466.0,80%,80%,7.0,13.0,1.0,3.0,0.0,0.0,0.0,1.0,9.0,2.0,VitoriaMandante,1
2,Bragantino,2,1,Vasco,Nabi Abi Chedid,17/04,Quarta,19:00,17.0,13.0,5.0,3.0,40%,60%,324.0,462.0,73%,83%,14.0,15.0,2.0,1.0,0.0,0.0,0.0,3.0,4.0,6.0,VitoriaMandante,1
2,Atlético-MG,1,1,Criciúma,Arena MRV,17/04,Quarta,20:00,22.0,5.0,6.0,1.0,68%,32%,712.0,333.0,89%,83%,12.0,10.0,2.0,4.0,0.0,0.0,2.0,0.0,9.0,2.0,Empate,0
2,Palmeiras,0,1,Internacional,Arena Barueri,17/04,Quarta,20:00,18.0,5.0,3.0,2.0,64%,36%,474.0,288.0,82%,69%,17.0,21.0,2.0,4.0,0.0,0.0,4.0,1.0,6.0,2.0,VitoriaVisitante,-1
2,Fortaleza,1,1,Cruzeiro,Castelão (CE),17/04,Quarta,20:00,14.0,14.0,3.0,6.0,39%,61%,296.0,476.0,77%,85%,13.0,10.0,2.0,1.0,0.0,1.0,0.0,2.0,7.0,5.0,Empate,0
2,Juventude,2,0,Corinthians,Alfredo Jaconi,17/04,Quarta,20:00,16.0,17.0,8.0,2.0,44%,56%,391.0,473.0,80%,80%,16.0,10.0,1.0,1.0,1.0,0.0,1.0,2.0,6.0,7.0,VitoriaMandante,1
2,Flamengo,2,1,São Paulo,Maracanã,17/04,Quarta,21:30,12.0,10.0,6.0,3.0,46%,54%,404.0,463.0,80%,85%,19.0,19.0,1.0,3.0,0.0,0.0,1.0,2.0,9.0,1.0,VitoriaMandante,1
2,Botafogo,1,0,Atlético-GO,Nilton Santos (Engenhão),18/04,Quinta,21:30,13.0,12.0,4.0,3.0,53%,47%,466.0,401.0,83%,81%,13.0,11.0,3.0,4.0,0.0,0.0,1.0,2.0,8.0,8.0,VitoriaMandante,1
2,Cuiabá,0,0,Vitória,Arena Pantanal,05/06,Quarta,20:00,11.0,13.0,0.0,4.0,54%,46%,444.0,379.0,83%,82%,19.0,14.0,3.0,4.0,0.0,0.0,1.0,1.0,4.0,3.0,Empate,0
3,Fluminense,2,1,Vasco,Maracanã,20/04,Sábado,16:00,11.0,21.0,8.0,5.0,58%,42%,546.0,384.0,87%,80%,16.0,17.0,4.0,5.0,0.0,0.0,1.0,4.0,2.0,7.0,VitoriaMandante,1
3,Grêmio,1,0,Cuiabá,Arena do Grêmio,20/04,Sábado,18:30,7.0,14.0,4.0,3.0,57%,43%,543.0,400.0,87%,80%,10.0,5.0,4.0,2.0,0.0,0.0,0.0,0.0,3.0,4.0,VitoriaMandante,1
3,Bragantino,1,0,Corinthians,Nabi Abi Chedid,20/04,Sábado,18:30,10.0,15.0,3.0,4.0,35%,65%,275.0,494.0,60%,80%,21.0,10.0,4.0,2.0,0.0,0.0,0.0,4.0,3.0,4.0,VitoriaMandante,1
3,Atlético-MG,3,0,Cruzeiro,Arena MRV,20/04,Sábado,21:00,9.0,10.0,4.0,3.0,56%,44%,561.0,439.0,88%,86%,15.0,17.0,2.0,2.0,0.0,0.0,1.0,2.0,4.0,4.0,VitoriaMandante,1
3,Criciúma,1,1,Fortaleza,Heriberto Hülse,24/07,Quarta,19:00,13.0,15.0,7.0,4.0,48%,52%,394.0,423.0,76%,79%,11.0,8.0,0.0,1.0,0.0,0.0,2.0,2.0,4.0,5.0,Empate,0
3,Palmeiras,0,0,Flamengo,Allianz Parque,21/04,Domingo,16:00,12.0,8.0,1.0,3.0,48%,52%,337.0,360.0,76%,77%,23.0,14.0,5.0,4.0,0.0,0.0,3.0,0.0,6.0,5.0,Empate,0
3,Athletico-PR,1,0,Internacional,Ligga Arena,21/04,Domingo,16:00,,,,,,,,,,,,,,,,,,,,,VitoriaMandante,1
3,Botafogo,5,1,Juventude,Nilton Santos (Engenhão),21/04,Domingo,18:30,13.0,12.0,6.0,1.0,56%,44%,490.0,385.0,89%,86%,22.0,10.0,3.0,2.0,0.0,1.0,1.0,1.0,5.0,4.0,VitoriaMandante,1
3,Atlético-GO,0,3,São Paulo,Antônio Accioly,21/04,Domingo,18:30,9.0,19.0,1.0,7.0,34%,66%,321.0,632.0,78%,88%,13.0,9.0,3.0,0.0,2.0,0.0,0.0,2.0,4.0,3.0,VitoriaVisitante,-1
3,Vitória,2,2,Bahia,Barradão,21/04,Domingo,16:00,13.0,20.0,8.0,7.0,41%,59%,375.0,520.0,82%,87%,12.0,13.0,3.0,3.0,0.0,0.0,6.0,2.0,2.0,7.0,Empate,0
4,Bahia,1,0,Grêmio,Casa de Apostas Arena Fonte Nova,27/04,Sábado,21:00,14.0,3.0,4.0,2.0,61%,39%,620.0,415.0,87%,84%,10.0,15.0,2.0,4.0,0.0,2.0,1.0,2.0,4.0,0.0,VitoriaMandante,1
4,Vasco,0,4,Criciúma,São Januário,27/04,Sábado,16:00,21.0,17.0,5.0,10.0,58%,42%,518.0,392.0,88%,85%,13.0,7.0,1.0,0.0,0.0,0.0,0.0,2.0,5.0,4.0,VitoriaVisitante,-1
4,Cuiabá,0,3,Atlético-MG,Arena Pantanal,27/04,Sábado,18:30,4.0,12.0,1.0,5.0,32%,68%,288.0,585.0,82%,92%,11.0,17.0,4.0,3.0,0.0,1.0,2.0,1.0,3.0,10.0,VitoriaVisitante,-1
4,Flamengo,0,2,Botafogo,Maracanã,28/04,Domingo,11:00,15.0,9.0,0.0,3.0,60%,40%,512.0,358.0,86%,81%,12.0,15.0,1.0,4.0,0.0,0.0,2.0,1.0,8.0,3.0,VitoriaVisitante,-1
4,Cruzeiro,3,1,Vitória,Mineirão,28/04,Domingo,16:00,15.0,8.0,6.0,3.0,55%,45%,469.0,404.0,85%,84%,12.0,6.0,2.0,0.0,0.0,0.0,0.0,0.0,10.0,4.0,VitoriaMandante,1
4,Corinthians,3,0,Fluminense,Neo Química Arena,28/04,Domingo,16:00,17.0,13.0,7.0,2.0,30%,70%,269.0,627.0,78%,89%,15.0,15.0,4.0,2.0,0.0,0.0,1.0,2.0,6.0,8.0,VitoriaMandante,1
4,Fortaleza,1,1,Bragantino,Castelão (CE),28/04,Domingo,18:30,22.0,10.0,5.0,4.0,44%,56%,324.0,429.0,71%,75%,9.0,6.0,1.0,1.0,0.0,0.0,1.0,2.0,12.0,6.0,Empate,0
4,Juventude,1,1,Athletico-PR,Alfredo Jaconi,28/04,Domingo,18:30,15.0,15.0,5.0,6.0,56%,44%,456.0,373.0,83%,79%,12.0,17.0,2.0,2.0,0.0,0.0,1.0,3.0,4.0,6.0,Empate,0
4,Internacional,1,1,Atlético-GO,Beira-Rio,28/04,Domingo,20:00,22.0,4.0,5.0,2.0,72%,28%,638.0,253.0,86%,70%,13.0,12.0,0.0,4.0,0.0,0.0,1.0,5.0,13.0,0.0,Empate,0
4,São Paulo,0,0,Palmeiras,Morumbis,29/04,Segunda,20:00,16.0,9.0,1.0,3.0,58%,42%,432.0,329.0,80%,76%,10.0,20.0,4.0,3.0,0.0,0.0,2.0,3.0,6.0,4.0,Empate,0
5,Bragantino,1,1,Flamengo,Nabi Abi Chedid,04/05,Sábado,18:30,18.0,19.0,3.0,6.0,43%,57%,297.0,415.0,72%,78%,17.0,10.0,2.0,2.0,0.0,0.0,0.0,1.0,8.0,4.0,Empate,0
5,Corinthians,0,0,Fortaleza,Neo Química Arena,04/05,Sábado,21:00,18.0,12.0,9.0,2.0,65%,35%,529.0,282.0,83%,73%,14.0,17.0,1.0,7.0,0.0,0.0,0.0,3.0,9.0,5.0,Empate,0
5,Vitória,1,3,São Paulo,Barradão,05/05,Domingo,16:00,6.0,20.0,2.0,8.0,33%,67%,277.0,574.0,78%,90%,10.0,13.0,3.0,4.0,1.0,0.0,0.0,2.0,3.0,8.0,VitoriaVisitante,-1
5,Athletico-PR,1,0,Vasco,Ligga Arena,05/05,Domingo,16:00,26.0,7.0,7.0,1.0,57%,43%,479.0,371.0,89%,79%,11.0,9.0,1.0,0.0,0.0,1.0,3.0,3.0,6.0,5.0,VitoriaMandante,1
5,Fluminense,2,2,Atlético-MG,Kleber Andrade,04/05,Sábado,16:00,11.0,19.0,5.0,7.0,43%,57%,350.0,442.0,74%,81%,11.0,18.0,5.0,2.0,0.0,0.0,0.0,3.0,4.0,10.0,Empate,0
5,Cuiabá,0,2,Palmeiras,Arena Pantanal,05/05,Domingo,18:30,9.0,15.0,1.0,6.0,45%,55%,383.0,471.0,84%,84%,10.0,11.0,2.0,3.0,0.0,0.0,2.0,1.0,6.0,6.0,VitoriaVisitante,-1
5,Juventude,1,0,Atlético-GO,Alfredo Jaconi,05/06,Quarta,19:00,8.0,22.0,2.0,5.0,42%,58%,351.0,487.0,74%,82%,13.0,12.0,1.0,4.0,1.0,0.0,1.0,1.0,4.0,7.0,VitoriaMandante,1
5,Cruzeiro,0,0,Internacional,Mineirão,28/08,Quarta,19:30,19.0,1.0,4.0,0.0,70%,30%,453.0,216.0,83%,64%,12.0,13.0,2.0,7.0,0.0,1.0,1.0,1.0,10.0,3.0,Empate,0
5,Grêmio,1,2,Criciúma,Arena do Grêmio,25/09,Quarta,19:00,15.0,11.0,3.0,4.0,65%,35%,602.0,323.0,88%,79%,8.0,12.0,2.0,5.0,0.0,0.0,0.0,1.0,6.0,3.0,VitoriaVisitante,-1
5,Botafogo,1,2,Bahia,Nilton Santos (Engenhão),05/05,Domingo,18:30,16.0,10.0,5.0,4.0,56%,44%,530.0,438.0,89%,83%,10.0,5.0,2.0,2.0,0.0,0.0,6.0,0.0,5.0,1.0,VitoriaVisitante,-1
6,Flamengo,2,0,Corinthians,Maracanã,11/05,Sábado,16:00,18.0,13.0,9.0,3.0,58%,42%,501.0,361.0,84%,81%,12.0,16.0,1.0,1.0,0.0,0.0,1.0,1.0,13.0,6.0,VitoriaMandante,1
6,Palmeiras,0,2,Athletico-PR,Arena Barueri,12/05,Domingo,16:00,23.0,11.0,5.0,6.0,63%,37%,407.0,258.0,85%,73%,11.0,17.0,4.0,4.0,0.0,1.0,1.0,1.0,9.0,6.0,VitoriaVisitante,-1
6,Fortaleza,1,1,Botafogo,Castelão (CE),12/05,Domingo,16:00,10.0,11.0,4.0,5.0,42%,58%,351.0,492.0,82%,84%,12.0,19.0,4.0,6.0,0.0,0.0,5.0,0.0,6.0,5.0,Empate,0
6,Atlético-GO,0,1,Cruzeiro,Antônio Accioly,12/05,Domingo,16:00,17.0,12.0,5.0,5.0,46%,54%,374.0,443.0,77%,79%,13.0,10.0,1.0,2.0,0.0,0.0,0.0,2.0,5.0,5.0,VitoriaVisitante,-1
6,Vasco,2,1,Vitória,São Januário,12/05,Domingo,18:30,17.0,13.0,8.0,5.0,57%,43%,526.0,387.0,87%,80%,12.0,12.0,5.0,2.0,0.0,1.0,1.0,0.0,4.0,4.0,VitoriaMandante,1
6,São Paulo,2,1,Fluminense,Morumbis,13/05,Segunda,20:00,15.0,7.0,8.0,2.0,49%,51%,403.0,420.0,87%,86%,15.0,12.0,5.0,3.0,0.0,0.0,4.0,0.0,7.0,4.0,VitoriaMandante,1
6,Criciúma,2,5,Cuiabá,Heriberto Hülse,09/06,Domingo,16:00,23.0,13.0,9.0,7.0,62%,38%,506.0,317.0,85%,76%,10.0,13.0,5.0,6.0,1.0,0.0,5.0,0.0,6.0,2.0,VitoriaVisitante,-1
6,Internacional,2,1,Juventude,Beira-Rio,14/08,Quarta,19:30,21.0,8.0,10.0,3.0,48%,52%,393.0,430.0,79%,77%,19.0,17.0,2.0,4.0,0.0,0.0,1.0,0.0,8.0,1.0,VitoriaMandante,1
6,Atlético-MG,,,Grêmio,Arena MRV,,,,,,,,,,,,,,,,,,,,,,,,Empate,0
6,Bahia,1,0,Bragantino,Casa de Apostas Arena Fonte Nova,12/05,Domingo,18:30,8.0,15.0,3.0,5.0,49%,51%,389.0,401.0,79%,79%,12.0,15.0,2.0,3.0,0.0,0.0,4.0,3.0,6.0,7.0,VitoriaMandante,1
7,Grêmio,0,2,Bragantino,Couto Pereira,01/06,Sábado,16:00,9.0,14.0,1.0,4.0,44%,56%,381.0,504.0,73%,82%,16.0,19.0,4.0,2.0,0.0,0.0,0.0,1.0,6.0,0.0,VitoriaVisitante,-1
7,Fluminense,1,1,Juventude,Maracanã,01/06,Sábado,18:30,17.0,12.0,4.0,4.0,63%,37%,562.0,341.0,91%,82%,13.0,19.0,2.0,2.0,0.0,1.0,1.0,3.0,5.0,3.0,Empate,0
7,Cuiabá,0,1,Internacional,Arena Pantanal,01/06,Sábado,18:30,8.0,9.0,3.0,3.0,36%,64%,275.0,499.0,76%,85%,12.0,21.0,4.0,4.0,0.0,0.0,4.0,1.0,0.0,2.0,VitoriaVisitante,-1
7,Vitória,0,2,Atlético-GO,Barradão,01/06,Sábado,16:00,12.0,12.0,3.0,5.0,33%,67%,302.0,616.0,76%,90%,7.0,9.0,1.0,2.0,2.0,0.0,0.0,1.0,3.0,4.0,VitoriaVisitante,-1
7,Corinthians,0,1,Botafogo,Neo Química Arena,01/06,Sábado,21:00,16.0,9.0,7.0,2.0,53%,47%,444.0,398.0,81%,77%,7.0,16.0,2.0,4.0,0.0,0.0,3.0,2.0,2.0,5.0,VitoriaVisitante,-1
7,Vasco,1,6,Flamengo,Maracanã,02/06,Domingo,16:00,2.0,30.0,2.0,18.0,26%,74%,229.0,651.0,71%,92%,18.0,6.0,2.0,0.0,1.0,0.0,1.0,1.0,1.0,8.0,VitoriaVisitante,-1
7,Criciúma,1,2,Palmeiras,Heriberto Hülse,02/06,Domingo,16:00,12.0,23.0,4.0,5.0,39%,61%,280.0,432.0,71%,79%,17.0,9.0,7.0,3.0,0.0,0.0,0.0,1.0,4.0,6.0,VitoriaVisitante,-1
7,São Paulo,2,0,Cruzeiro,Morumbis,02/06,Domingo,18:30,11.0,10.0,4.0,3.0,57%,43%,583.0,464.0,90%,86%,18.0,11.0,2.0,2.0,0.0,1.0,0.0,1.0,4.0,2.0,VitoriaMandante,1
7,Fortaleza,1,0,Athletico-PR,Presidente Vargas (CE),02/06,Domingo,18:30,11.0,15.0,4.0,2.0,53%,47%,425.0,387.0,80%,81%,12.0,17.0,3.0,4.0,0.0,0.0,0.0,2.0,2.0,4.0,VitoriaMandante,1
7,Atlético-MG,1,1,Bahia,Arena MRV,02/06,Domingo,16:00,21.0,9.0,4.0,2.0,64%,36%,580.0,319.0,88%,76%,13.0,9.0,6.0,4.0,0.0,0.0,6.0,0.0,5.0,4.0,Empate,0
8,Juventude,1,1,Vitória,Alfredo Jaconi,11/06,Terça,19:00,12.0,18.0,2.0,4.0,60%,40%,509.0,347.0,83%,79%,16.0,8.0,3.0,4.0,0.0,0.0,1.0,1.0,5.0,4.0,Empate,0
8,Botafogo,1,0,Fluminense,Nilton Santos (Engenhão),11/06,Terça,20:00,19.0,6.0,6.0,0.0,43%,57%,311.0,406.0,77%,83%,22.0,13.0,3.0,3.0,0.0,0.0,4.0,0.0,14.0,2.0,VitoriaMandante,1
8,Bragantino,1,2,Atlético-MG,Nabi Abi Chedid,11/06,Terça,21:30,15.0,10.0,5.0,4.0,56%,44%,421.0,342.0,80%,72%,17.0,18.0,5.0,4.0,1.0,1.0,1.0,2.0,8.0,5.0,VitoriaVisitante,-1
8,Cruzeiro,2,1,Cuiabá,Mineirão,13/06,Quinta,19:00,12.0,16.0,6.0,5.0,52%,48%,441.0,413.0,86%,85%,9.0,12.0,3.0,2.0,0.0,0.0,0.0,1.0,6.0,4.0,VitoriaMandante,1
8,Atlético-GO,2,2,Corinthians,Antônio Accioly,11/06,Terça,19:00,22.0,7.0,7.0,3.0,73%,27%,520.0,191.0,87%,64%,12.0,13.0,3.0,3.0,0.0,1.0,1.0,0.0,3.0,4.0,Empate,0
8,Flamengo,2,1,Grêmio,Maracanã,13/06,Quinta,20:00,16.0,15.0,6.0,5.0,41%,59%,380.0,537.0,87%,89%,9.0,10.0,2.0,4.0,0.0,0.0,0.0,0.0,4.0,6.0,VitoriaMandante,1
8,Athletico-PR,3,1,Criciúma,Ligga Arena,13/06,Quinta,20:00,23.0,12.0,7.0,4.0,58%,42%,479.0,366.0,84%,78%,9.0,12.0,0.0,1.0,0.0,0.0,2.0,3.0,5.0,3.0,VitoriaMandante,1
8,Bahia,1,0,Fortaleza,Casa de Apostas Arena Fonte Nova,13/06,Quinta,21:30,12.0,21.0,3.0,6.0,55%,45%,513.0,418.0,83%,84%,14.0,9.0,6.0,1.0,0.0,0.0,0.0,6.0,5.0,9.0,VitoriaMandante,1
8,Palmeiras,2,0,Vasco,Allianz Parque,13/06,Quinta,21:30,28.0,9.0,6.0,2.0,57%,43%,397.0,298.0,83%,75%,10.0,14.0,1.0,2.0,0.0,0.0,1.0,1.0,10.0,6.0,VitoriaMandante,1
8,Internacional,0,0,São Paulo,Heriberto Hülse,13/06,Quinta,20:00,7.0,9.0,0.0,4.0,54%,46%,434.0,385.0,84%,79%,15.0,18.0,5.0,4.0,0.0,0.0,1.0,3.0,5.0,3.0,Empate,0
9,Bragantino,2,1,Juventude,Nabi Abi Chedid,15/06,Sábado,18:30,6.0,14.0,2.0,6.0,35%,65%,296.0,538.0,76%,86%,12.0,12.0,4.0,4.0,1.0,0.0,0.0,5.0,1.0,1.0,VitoriaMandante,1
9,Fluminense,1,2,Atlético-GO,Maracanã,15/06,Sábado,21:00,9.0,17.0,5.0,7.0,56%,44%,563.0,440.0,83%,77%,10.0,12.0,4.0,1.0,1.0,0.0,1.0,1.0,3.0,3.0,VitoriaVisitante,-1
9,Vitória,2,1,Internacional,Barradão,16/06,Domingo,16:00,11.0,15.0,4.0,5.0,39%,61%,345.0,535.0,76%,85%,6.0,16.0,1.0,5.0,0.0,0.0,3.0,2.0,4.0,2.0,VitoriaMandante,1
9,Corinthians,2,2,São Paulo,Neo Química Arena,16/06,Domingo,16:00,16.0,12.0,8.0,7.0,40%,60%,337.0,518.0,85%,86%,15.0,10.0,2.0,5.0,1.0,0.0,1.0,1.0,9.0,5.0,Empate,0
9,Athletico-PR,1,1,Flamengo,Ligga Arena,16/06,Domingo,16:00,14.0,9.0,3.0,6.0,47%,53%,370.0,407.0,83%,80%,11.0,11.0,4.0,3.0,1.0,0.0,0.0,2.0,5.0,9.0,Empate,0
9,Vasco,0,0,Cruzeiro,São Januário,16/06,Domingo,18:30,14.0,8.0,4.0,2.0,49%,51%,373.0,387.0,73%,75%,11.0,11.0,2.0,4.0,0.0,0.0,0.0,3.0,5.0,5.0,Empate,0
9,Cuiabá,5,0,Fortaleza,Arena Pantanal,16/06,Domingo,18:30,21.0,2.0,13.0,0.0,56%,44%,511.0,416.0,90%,86%,9.0,6.0,1.0,3.0,0.0,2.0,1.0,1.0,5.0,1.0,VitoriaMandante,1
9,Criciúma,2,2,Bahia,Heriberto Hülse,16/06,Domingo,18:30,17.0,22.0,5.0,6.0,31%,69%,228.0,518.0,64%,84%,14.0,13.0,2.0,1.0,1.0,0.0,4.0,1.0,6.0,7.0,Empate,0
9,Atlético-MG,0,4,Palmeiras,Arena MRV,17/06,Segunda,20:30,11.0,22.0,3.0,9.0,53%,47%,415.0,373.0,79%,78%,16.0,16.0,3.0,3.0,2.0,0.0,1.0,2.0,3.0,6.0,VitoriaVisitante,-1
9,Grêmio,1,2,Botafogo,Kleber Andrade,16/06,Domingo,18:30,15.0,14.0,4.0,5.0,45%,55%,406.0,504.0,79%,84%,12.0,11.0,3.0,3.0,0.0,0.0,0.0,0.0,7.0,4.0,VitoriaVisitante,-1
10,Botafogo,1,1,Athletico-PR,Nilton Santos (Engenhão),19/06,Quarta,19:00,8.0,16.0,1.0,6.0,62%,38%,508.0,311.0,86%,81%,13.0,14.0,0.0,5.0,0.0,0.0,1.0,2.0,5.0,9.0,Empate,0
10,Atlético-GO,1,2,Criciúma,Antônio Accioly,19/06,Quarta,19:00,12.0,19.0,1.0,7.0,50%,50%,462.0,470.0,80%,78%,10.0,11.0,1.0,1.0,1.0,0.0,1.0,4.0,5.0,1.0,VitoriaVisitante,-1
10,Fortaleza,1,0,Grêmio,Castelão (CE),19/06,Quarta,20:00,13.0,8.0,4.0,2.0,52%,48%,526.0,499.0,88%,85%,15.0,7.0,3.0,4.0,0.0,1.0,1.0,3.0,8.0,3.0,VitoriaMandante,1
10,Juventude,2,0,Vasco,Alfredo Jaconi,19/06,Quarta,20:00,14.0,6.0,5.0,2.0,55%,45%,443.0,365.0,83%,79%,13.0,18.0,2.0,3.0,0.0,1.0,1.0,5.0,5.0,4.0,VitoriaMandante,1
10,São Paulo,0,1,Cuiabá,Morumbis,19/06,Quarta,20:00,15.0,11.0,4.0,3.0,67%,33%,618.0,318.0,90%,78%,5.0,16.0,2.0,3.0,0.0,0.0,3.0,0.0,4.0,6.0,VitoriaVisitante,-1
10,Cruzeiro,2,0,Fluminense,Mineirão,19/06,Quarta,21:30,17.0,9.0,5.0,4.0,34%,66%,329.0,632.0,80%,89%,16.0,11.0,3.0,2.0,0.0,0.0,3.0,0.0,6.0,5.0,VitoriaMandante,1
10,Vitória,4,2,Atlético-MG,Barradão,20/06,Quinta,18:30,12.0,19.0,6.0,7.0,38%,62%,344.0,534.0,75%,85%,15.0,13.0,2.0,2.0,0.0,0.0,0.0,1.0,2.0,4.0,VitoriaMandante,1
10,Flamengo,2,1,Bahia,Maracanã,20/06,Quinta,20:00,14.0,8.0,3.0,3.0,34%,66%,364.0,720.0,86%,92%,8.0,10.0,1.0,1.0,0.0,0.0,1.0,3.0,6.0,2.0,VitoriaMandante,1
10,Palmeiras,2,1,Bragantino,Allianz Parque,20/06,Quinta,21:30,24.0,13.0,7.0,3.0,41%,59%,308.0,462.0,73%,80%,10.0,9.0,0.0,2.0,0.0,0.0,5.0,2.0,10.0,3.0,VitoriaMandante,1
10,Internacional,1,0,Corinthians,Orlando Scarpelli,19/06,Quarta,21:30,11.0,13.0,5.0,3.0,47%,53%,362.0,390.0,78%,78%,17.0,13.0,1.0,2.0,0.0,0.0,4.0,1.0,3.0,7.0,VitoriaMandante,1
11,Criciúma,2,1,Botafogo,Heriberto Hülse,22/06,Sábado,16:00,16.0,11.0,4.0,2.0,38%,62%,314.0,519.0,73%,85%,16.0,14.0,4.0,3.0,0.0,0.0,2.0,1.0,4.0,7.0,VitoriaMandante,1
11,Grêmio,0,1,Internacional,Couto Pereira,22/06,Sábado,17:30,10.0,16.0,2.0,2.0,58%,42%,498.0,362.0,78%,77%,12.0,11.0,3.0,2.0,0.0,0.0,1.0,0.0,5.0,4.0,VitoriaVisitante,-1
11,Cuiabá,0,0,Atlético-GO,Arena Pantanal,22/06,Sábado,18:30,10.0,18.0,3.0,9.0,53%,47%,434.0,389.0,80%,80%,9.0,12.0,3.0,1.0,0.0,0.0,0.0,1.0,5.0,4.0,Empate,0
11,Vasco,4,1,São Paulo,São Januário,22/06,Sábado,21:30,14.0,10.0,7.0,2.0,41%,59%,344.0,490.0,81%,87%,13.0,14.0,3.0,1.0,0.0,0.0,0.0,1.0,2.0,8.0,VitoriaMandante,1
11,Bahia,4,1,Cruzeiro,Casa de Apostas Arena Fonte Nova,23/06,Domingo,16:00,14.0,7.0,6.0,1.0,64%,36%,647.0,380.0,91%,82%,6.0,13.0,0.0,3.0,0.0,1.0,4.0,4.0,3.0,1.0,VitoriaMandante,1
11,Athletico-PR,1,1,Corinthians,Ligga Arena,23/06,Domingo,16:00,20.0,15.0,7.0,6.0,55%,45%,372.0,318.0,83%,83%,19.0,12.0,2.0,1.0,0.0,0.0,1.0,1.0,11.0,2.0,Empate,0
11,Atlético-MG,1,1,Fortaleza,Arena MRV,23/06,Domingo,18:30,21.0,13.0,8.0,3.0,67%,33%,514.0,255.0,85%,67%,15.0,17.0,3.0,2.0,0.0,0.0,1.0,0.0,3.0,4.0,Empate,0
11,Palmeiras,3,1,Juventude,Allianz Parque,23/06,Domingo,18:30,28.0,16.0,10.0,8.0,57%,43%,424.0,333.0,82%,78%,14.0,7.0,2.0,3.0,0.0,0.0,3.0,0.0,10.0,4.0,VitoriaMandante,1
11,Bragantino,2,1,Vitória,Nabi Abi Chedid,23/06,Domingo,18:30,16.0,10.0,6.0,5.0,64%,36%,554.0,305.0,85%,74%,10.0,11.0,3.0,2.0,0.0,0.0,2.0,4.0,6.0,7.0,VitoriaMandante,1
11,Fluminense,0,1,Flamengo,Maracanã,23/06,Domingo,16:00,2.0,14.0,0.0,4.0,55%,45%,468.0,382.0,83%,80%,16.0,13.0,2.0,3.0,1.0,0.0,4.0,0.0,2.0,6.0,VitoriaVisitante,-1
12,Cruzeiro,2,0,Athletico-PR,Mineirão,26/06,Quarta,19:00,22.0,14.0,7.0,3.0,49%,51%,448.0,448.0,85%,85%,8.0,6.0,2.0,2.0,0.0,0.0,1.0,0.0,7.0,12.0,VitoriaMandante,1
12,Botafogo,2,1,Bragantino,Nilton Santos (Engenhão),26/06,Quarta,19:00,12.0,13.0,4.0,6.0,48%,52%,410.0,426.0,78%,81%,13.0,12.0,2.0,3.0,0.0,0.0,1.0,1.0,7.0,4.0,VitoriaMandante,1
12,Corinthians,1,1,Cuiabá,Neo Química Arena,26/06,Quarta,20:00,24.0,13.0,7.0,4.0,66%,34%,481.0,272.0,85%,76%,10.0,13.0,3.0,4.0,0.0,0.0,2.0,1.0,13.0,1.0,Empate,0
12,Atlético-GO,1,1,Grêmio,Antônio Accioly,26/06,Quarta,20:00,16.0,11.0,5.0,4.0,49%,51%,399.0,408.0,81%,83%,13.0,11.0,7.0,4.0,0.0,0.0,2.0,0.0,5.0,8.0,Empate,0
12,Bahia,2,1,Vasco,Casa de Apostas Arena Fonte Nova,26/06,Quarta,21:30,17.0,9.0,8.0,3.0,63%,37%,601.0,362.0,92%,85%,14.0,15.0,0.0,3.0,0.0,1.0,4.0,1.0,7.0,0.0,VitoriaMandante,1
12,Internacional,1,2,Atlético-MG,Heriberto Hülse,26/06,Quarta,21:30,13.0,15.0,6.0,5.0,46%,54%,414.0,488.0,83%,85%,17.0,10.0,4.0,4.0,0.0,0.0,3.0,0.0,5.0,9.0,VitoriaVisitante,-1
12,Fortaleza,3,0,Palmeiras,Castelão (CE),26/06,Quarta,21:30,12.0,17.0,6.0,7.0,31%,69%,251.0,530.0,67%,82%,17.0,11.0,2.0,2.0,0.0,0.0,0.0,2.0,3.0,8.0,VitoriaMandante,1
12,Fluminense,0,1,Vitória,Maracanã,27/06,Quinta,19:00,12.0,9.0,5.0,6.0,64%,36%,645.0,370.0,89%,78%,14.0,12.0,3.0,1.0,0.0,0.0,2.0,0.0,6.0,2.0,VitoriaVisitante,-1
12,São Paulo,2,1,Criciúma,Morumbis,27/06,Quinta,20:00,13.0,10.0,6.0,2.0,63%,37%,594.0,351.0,90%,82%,10.0,22.0,2.0,4.0,0.0,0.0,1.0,0.0,2.0,2.0,VitoriaMandante,1
12,Juventude,2,1,Flamengo,Alfredo Jaconi,26/06,Quarta,20:00,15.0,9.0,8.0,5.0,53%,47%,504.0,458.0,86%,84%,9.0,10.0,2.0,1.0,0.0,0.0,4.0,2.0,7.0,8.0,VitoriaMandante,1
13,Palmeiras,2,0,Corinthians,Allianz Parque,01/07,Segunda,20:00,20.0,13.0,10.0,3.0,49%,51%,297.0,315.0,77%,77%,18.0,10.0,3.0,4.0,1.0,0.0,2.0,0.0,7.0,3.0,VitoriaMandante,1
13,Criciúma,1,1,Internacional,Heriberto Hülse,30/06,Domingo,18:30,17.0,12.0,7.0,4.0,46%,54%,410.0,489.0,82%,82%,10.0,14.0,2.0,3.0,0.0,0.0,2.0,1.0,5.0,5.0,Empate,0
13,Flamengo,2,1,Cruzeiro,Maracanã,30/06,Domingo,18:30,7.0,14.0,3.0,5.0,46%,54%,390.0,458.0,81%,82%,5.0,17.0,1.0,3.0,0.0,0.0,0.0,2.0,2.0,5.0,VitoriaMandante,1
13,Vitória,0,1,Athletico-PR,Barradão,30/06,Domingo,18:30,16.0,7.0,3.0,2.0,60%,40%,509.0,349.0,85%,82%,12.0,16.0,3.0,2.0,0.0,0.0,1.0,1.0,7.0,6.0,VitoriaVisitante,-1
13,Fortaleza,2,1,Juventude,Castelão (CE),30/06,Domingo,16:00,19.0,12.0,7.0,3.0,37%,63%,286.0,479.0,75%,84%,22.0,16.0,2.0,0.0,0.0,0.0,0.0,0.0,7.0,5.0,VitoriaMandante,1
13,São Paulo,3,1,Bahia,Morumbis,30/06,Domingo,16:00,10.0,15.0,4.0,6.0,40%,60%,411.0,608.0,85%,91%,15.0,9.0,4.0,1.0,0.0,0.0,2.0,0.0,4.0,4.0,VitoriaMandante,1
13,Grêmio,1,0,Fluminense,Centenário,30/06,Domingo,16:00,16.0,8.0,9.0,3.0,47%,53%,424.0,488.0,81%,85%,13.0,14.0,2.0,1.0,0.0,1.0,0.0,1.0,6.0,1.0,VitoriaMandante,1
13,Atlético-MG,1,1,Atlético-GO,Arena MRV,30/06,Domingo,11:00,15.0,12.0,6.0,6.0,68%,32%,576.0,258.0,86%,71%,10.0,11.0,0.0,1.0,0.0,0.0,0.0,2.0,5.0,8.0,Empate,0
13,Cuiabá,1,1,Bragantino,Arena Pantanal,29/06,Sábado,18:30,5.0,14.0,2.0,5.0,33%,67%,270.0,530.0,72%,87%,13.0,16.0,4.0,2.0,1.0,0.0,2.0,2.0,3.0,11.0,Empate,0
13,Vasco,1,1,Botafogo,São Januário,29/06,Sábado,18:30,10.0,13.0,2.0,6.0,54%,46%,439.0,370.0,84%,80%,13.0,23.0,4.0,5.0,0.0,0.0,0.0,0.0,0.0,5.0,Empate,0
14,Corinthians,3,2,Vitória,Neo Química Arena,04/07,Quinta,20:00,14.0,18.0,5.0,6.0,43%,57%,379.0,499.0,83%,87%,15.0,10.0,4.0,3.0,0.0,0.0,0.0,2.0,9.0,9.0,VitoriaMandante,1
14,Bahia,2,0,Juventude,Casa de Apostas Arena Fonte Nova,04/07,Quinta,19:00,22.0,10.0,9.0,2.0,57%,43%,541.0,400.0,89%,85%,15.0,9.0,0.0,4.0,0.0,0.0,1.0,1.0,6.0,7.0,VitoriaMandante,1
14,Grêmio,2,2,Palmeiras,Centenário,04/07,Quinta,19:00,14.0,21.0,5.0,5.0,39%,61%,297.0,426.0,72%,83%,9.0,13.0,2.0,3.0,0.0,0.0,0.0,0.0,5.0,10.0,Empate,0
14,Athletico-PR,1,2,São Paulo,Ligga Arena,03/07,Quarta,21:30,12.0,13.0,4.0,8.0,45%,55%,402.0,513.0,86%,89%,19.0,8.0,1.0,3.0,1.0,0.0,1.0,2.0,6.0,2.0,VitoriaVisitante,-1
14,Bragantino,3,1,Atlético-GO,Nabi Abi Chedid,03/07,Quarta,21:30,13.0,13.0,5.0,6.0,52%,48%,389.0,361.0,78%,79%,15.0,9.0,2.0,3.0,0.0,0.0,1.0,3.0,3.0,8.0,VitoriaMandante,1
14,Atlético-MG,2,4,Flamengo,Arena MRV,03/07,Quarta,21:30,11.0,14.0,4.0,8.0,53%,47%,451.0,413.0,86%,85%,12.0,11.0,2.0,2.0,1.0,0.0,1.0,2.0,4.0,4.0,VitoriaVisitante,-1
14,Criciúma,1,0,Cruzeiro,Heriberto Hülse,03/07,Quarta,20:00,13.0,17.0,6.0,6.0,34%,66%,307.0,604.0,72%,89%,11.0,7.0,2.0,2.0,1.0,0.0,2.0,1.0,7.0,10.0,VitoriaMandante,1
14,Vasco,2,0,Fortaleza,São Januário,03/07,Quarta,20:00,19.0,10.0,9.0,4.0,60%,40%,518.0,349.0,84%,79%,21.0,12.0,4.0,3.0,0.0,1.0,2.0,1.0,7.0,3.0,VitoriaMandante,1
14,Cuiabá,1,2,Botafogo,Arena Pantanal,03/07,Quarta,19:00,11.0,6.0,6.0,4.0,52%,48%,454.0,446.0,87%,86%,8.0,15.0,4.0,1.0,0.0,0.0,2.0,7.0,7.0,5.0,VitoriaVisitante,-1
14,Fluminense,1,1,Internacional,Maracanã,04/07,Quinta,20:00,8.0,12.0,3.0,4.0,55%,45%,498.0,417.0,89%,81%,17.0,17.0,6.0,5.0,0.0,0.0,1.0,4.0,3.0,4.0,Empate,0
15,Flamengo,1,1,Cuiabá,Maracanã,06/07,Sábado,20:00,20.0,7.0,10.0,3.0,66%,34%,611.0,327.0,86%,77%,14.0,12.0,1.0,3.0,0.0,0.0,3.0,3.0,7.0,0.0,Empate,0
15,Cruzeiro,3,0,Corinthians,Mineirão,07/07,Domingo,16:00,12.0,15.0,5.0,2.0,47%,53%,382.0,422.0,82%,84%,22.0,12.0,2.0,1.0,0.0,0.0,3.0,3.0,8.0,8.0,VitoriaMandante,1
15,Fortaleza,1,0,Fluminense,Castelão (CE),07/07,Domingo,16:00,19.0,11.0,6.0,3.0,42%,58%,314.0,456.0,76%,84%,13.0,14.0,1.0,2.0,0.0,0.0,1.0,0.0,12.0,3.0,VitoriaMandante,1
15,Juventude,3,0,Grêmio,Alfredo Jaconi,07/07,Domingo,16:00,14.0,13.0,6.0,5.0,48%,52%,433.0,467.0,85%,83%,14.0,10.0,1.0,3.0,0.0,0.0,0.0,2.0,3.0,8.0,VitoriaMandante,1
15,São Paulo,2,0,Bragantino,Morumbis,06/07,Sábado,20:00,14.0,10.0,4.0,3.0,60%,40%,464.0,313.0,84%,76%,10.0,9.0,2.0,2.0,0.0,0.0,2.0,1.0,6.0,3.0,VitoriaMandante,1
15,Vitória,2,1,Criciúma,Barradão,07/07,Domingo,18:30,9.0,13.0,3.0,2.0,44%,56%,390.0,478.0,84%,86%,12.0,18.0,1.0,2.0,0.0,0.0,1.0,2.0,6.0,3.0,VitoriaMandante,1
15,Palmeiras,2,0,Bahia,Allianz Parque,07/07,Domingo,18:30,12.0,13.0,4.0,3.0,44%,56%,402.0,524.0,85%,88%,15.0,10.0,1.0,1.0,0.0,0.0,5.0,3.0,4.0,3.0,VitoriaMandante,1
15,Atlético-GO,1,2,Athletico-PR,Antônio Accioly,07/07,Domingo,18:30,12.0,17.0,3.0,6.0,42%,58%,296.0,399.0,69%,75%,11.0,11.0,1.0,3.0,1.0,0.0,0.0,0.0,4.0,11.0,VitoriaVisitante,-1
15,Botafogo,3,0,Atlético-MG,Nilton Santos (Engenhão),07/07,Domingo,20:30,19.0,6.0,8.0,2.0,58%,42%,504.0,375.0,88%,83%,19.0,12.0,2.0,1.0,0.0,1.0,0.0,0.0,3.0,2.0,VitoriaMandante,1
15,Internacional,1,2,Vasco,Beira-Rio,07/07,Domingo,18:00,14.0,8.0,6.0,6.0,65%,35%,614.0,337.0,87%,73%,16.0,12.0,2.0,2.0,0.0,0.0,2.0,0.0,4.0,4.0,VitoriaVisitante,-1
16,Grêmio,0,2,Cruzeiro,Centenário,10/07,Quarta,18:30,8.0,14.0,3.0,6.0,44%,56%,465.0,588.0,83%,87%,9.0,10.0,1.0,1.0,1.0,0.0,1.0,1.0,1.0,5.0,VitoriaVisitante,-1
16,Vasco,2,0,Corinthians,São Januário,10/07,Quarta,19:00,14.0,11.0,3.0,2.0,51%,49%,370.0,372.0,83%,81%,15.0,10.0,3.0,5.0,0.0,0.0,3.0,1.0,7.0,5.0,VitoriaMandante,1
16,Athletico-PR,1,3,Bahia,Ligga Arena,10/07,Quarta,19:00,22.0,7.0,8.0,5.0,52%,48%,477.0,457.0,84%,83%,13.0,13.0,2.0,4.0,0.0,0.0,3.0,2.0,9.0,2.0,VitoriaVisitante,-1
16,Palmeiras,3,1,Atlético-GO,Allianz Parque,11/07,Quinta,19:30,23.0,11.0,6.0,3.0,65%,35%,549.0,307.0,85%,72%,9.0,19.0,2.0,2.0,0.0,0.0,0.0,1.0,9.0,2.0,VitoriaMandante,1
16,Flamengo,1,2,Fortaleza,Maracanã,11/07,Quinta,20:00,21.0,7.0,7.0,2.0,71%,29%,572.0,246.0,86%,68%,9.0,11.0,1.0,1.0,0.0,0.0,2.0,4.0,9.0,4.0,VitoriaVisitante,-1
16,Atlético-MG,2,1,São Paulo,Arena MRV,11/07,Quinta,21:30,14.0,11.0,5.0,4.0,62%,38%,608.0,365.0,89%,81%,9.0,13.0,2.0,1.0,0.0,1.0,0.0,0.0,2.0,6.0,VitoriaMandante,1
16,Vitória,0,1,Botafogo,Barradão,11/07,Quinta,21:30,11.0,15.0,5.0,4.0,45%,55%,386.0,462.0,82%,86%,16.0,24.0,2.0,3.0,0.0,0.0,2.0,2.0,4.0,5.0,VitoriaVisitante,-1
16,Cuiabá,0,0,Juventude,Arena Pantanal,05/09,Quinta,20:00,12.0,9.0,3.0,3.0,53%,47%,431.0,387.0,82%,80%,17.0,11.0,3.0,1.0,0.0,0.0,0.0,2.0,3.0,3.0,Empate,0
16,Bragantino,2,2,Internacional,Nabi Abi Chedid,25/09,Quarta,19:00,11.0,24.0,4.0,11.0,45%,55%,387.0,462.0,77%,83%,13.0,13.0,3.0,2.0,0.0,0.0,1.0,2.0,1.0,9.0,Empate,0
16,Criciúma,1,1,Fluminense,Heriberto Hülse,11/07,Quinta,20:00,13.0,18.0,4.0,10.0,40%,60%,385.0,590.0,78%,86%,15.0,7.0,2.0,1.0,0.0,0.0,2.0,1.0,2.0,5.0,Empate,0
17,Cruzeiro,2,1,Bragantino,Independência,13/07,Sábado,16:00,10.0,15.0,4.0,5.0,54%,46%,438.0,375.0,76%,76%,11.0,14.0,2.0,2.0,0.0,0.0,5.0,2.0,1.0,8.0,VitoriaMandante,1
17,Bahia,1,2,Cuiabá,Casa de Apostas Arena Fonte Nova,13/07,Sábado,16:00,14.0,14.0,2.0,3.0,64%,36%,669.0,386.0,91%,83%,4.0,8.0,2.0,3.0,0.0,0.0,1.0,1.0,8.0,4.0,VitoriaVisitante,-1
17,Juventude,1,1,Atlético-MG,Mané Garrincha,16/07,Terça,19:00,8.0,20.0,2.0,5.0,26%,74%,246.0,681.0,70%,88%,8.0,12.0,2.0,1.0,0.0,0.0,1.0,3.0,1.0,8.0,Empate,0
17,Corinthians,2,1,Criciúma,Neo Química Arena,16/07,Terça,21:00,14.0,16.0,7.0,4.0,54%,46%,415.0,358.0,79%,75%,10.0,17.0,1.0,0.0,0.0,0.0,0.0,0.0,5.0,5.0,VitoriaMandante,1
17,Botafogo,1,0,Palmeiras,Nilton Santos (Engenhão),17/07,Quarta,21:30,16.0,18.0,7.0,5.0,43%,57%,263.0,342.0,68%,75%,20.0,10.0,2.0,0.0,0.0,0.0,2.0,1.0,5.0,4.0,VitoriaMandante,1
17,São Paulo,1,0,Grêmio,Morumbis,17/07,Quarta,20:00,14.0,19.0,8.0,5.0,55%,45%,468.0,391.0,84%,82%,16.0,8.0,4.0,3.0,1.0,0.0,0.0,0.0,8.0,9.0,VitoriaMandante,1
17,Fortaleza,3,1,Vitória,Castelão (CE),17/07,Quarta,21:30,12.0,11.0,4.0,3.0,47%,53%,403.0,431.0,83%,83%,19.0,19.0,4.0,3.0,0.0,0.0,1.0,0.0,1.0,6.0,VitoriaMandante,1
17,Internacional,,,Flamengo,Beira-Rio,,,,,,,,,,,,,,,,,,,,,,,,Empate,0
17,Fluminense,1,0,Athletico-PR,Maracanã,,,,14.0,6.0,5.0,2.0,76%,24%,725.0,239.0,89%,68%,9.0,15.0,3.0,4.0,0.0,0.0,1.0,1.0,5.0,3.0,VitoriaMandante,1
17,Atlético-GO,0,1,Vasco,Antônio Accioly,17/07,Quarta,19:00,19.0,14.0,7.0,5.0,53%,47%,373.0,346.0,79%,75%,13.0,11.0,2.0,3.0,0.0,0.0,0.0,3.0,4.0,6.0,VitoriaVisitante,-1
18,Flamengo,2,1,Criciúma,Mané Garrincha,20/07,Sábado,16:00,15.0,16.0,6.0,4.0,63%,37%,481.0,283.0,85%,75%,12.0,21.0,4.0,7.0,0.0,1.0,0.0,1.0,7.0,4.0,VitoriaMandante,1
18,Botafogo,1,0,Internacional,Nilton Santos (Engenhão),20/07,Sábado,18:30,10.0,10.0,4.0,1.0,48%,52%,371.0,406.0,75%,79%,16.0,14.0,4.0,2.0,0.0,0.0,2.0,3.0,2.0,1.0,VitoriaMandante,1
18,Palmeiras,2,0,Cruzeiro,Allianz Parque,20/07,Sábado,21:00,15.0,8.0,5.0,2.0,42%,58%,303.0,413.0,68%,79%,16.0,16.0,4.0,4.0,0.0,0.0,0.0,3.0,6.0,4.0,VitoriaMandante,1
18,Grêmio,2,0,Vitória,Centenário,21/07,Domingo,11:00,13.0,5.0,6.0,0.0,59%,41%,455.0,309.0,78%,70%,11.0,20.0,1.0,7.0,0.0,0.0,0.0,2.0,7.0,4.0,VitoriaMandante,1
18,Atlético-MG,2,0,Vasco,Arena MRV,21/07,Domingo,16:00,15.0,8.0,3.0,1.0,55%,45%,525.0,431.0,85%,82%,13.0,6.0,1.0,1.0,0.0,0.0,1.0,0.0,6.0,1.0,VitoriaMandante,1
18,Bahia,0,1,Corinthians,Casa de Apostas Arena Fonte Nova,21/07,Domingo,16:00,17.0,7.0,7.0,2.0,66%,34%,619.0,320.0,87%,82%,12.0,18.0,4.0,4.0,0.0,0.0,1.0,4.0,6.0,3.0,VitoriaVisitante,-1
18,Bragantino,1,0,Athletico-PR,Nabi Abi Chedid,21/07,Domingo,18:30,12.0,19.0,3.0,7.0,35%,65%,305.0,542.0,76%,84%,6.0,14.0,2.0,7.0,1.0,0.0,0.0,2.0,2.0,11.0,VitoriaMandante,1
18,Fortaleza,3,1,Atlético-GO,Castelão (CE),21/07,Domingo,18:30,12.0,10.0,3.0,2.0,61%,39%,463.0,298.0,85%,81%,12.0,12.0,3.0,3.0,1.0,1.0,2.0,1.0,5.0,6.0,VitoriaMandante,1
18,Juventude,0,0,São Paulo,Mané Garrincha,21/07,Domingo,18:30,10.0,11.0,0.0,2.0,37%,63%,320.0,542.0,79%,87%,13.0,17.0,4.0,2.0,0.0,0.0,2.0,1.0,1.0,4.0,Empate,0
18,Cuiabá,0,1,Fluminense,Arena Pantanal,21/07,Domingo,20:00,16.0,10.0,6.0,4.0,47%,53%,414.0,469.0,86%,86%,19.0,6.0,1.0,2.0,0.0,1.0,1.0,1.0,6.0,4.0,VitoriaVisitante,-1
19,Cruzeiro,2,0,Juventude,Mineirão,24/07,Quarta,19:00,12.0,7.0,5.0,2.0,56%,44%,421.0,339.0,85%,80%,14.0,14.0,3.0,3.0,0.0,1.0,0.0,2.0,6.0,5.0,VitoriaMandante,1
19,São Paulo,2,2,Botafogo,Morumbis,24/07,Quarta,19:30,15.0,12.0,6.0,6.0,69%,31%,593.0,265.0,89%,76%,17.0,22.0,4.0,3.0,0.0,0.0,0.0,0.0,7.0,1.0,Empate,0
19,Vitória,1,2,Flamengo,Barradão,24/07,Quarta,20:00,10.0,8.0,3.0,4.0,43%,57%,377.0,507.0,81%,83%,9.0,15.0,1.0,1.0,0.0,0.0,0.0,2.0,4.0,8.0,VitoriaVisitante,-1
19,Fluminense,1,0,Palmeiras,Maracanã,24/07,Quarta,21:30,14.0,7.0,2.0,1.0,51%,49%,442.0,438.0,84%,85%,14.0,19.0,2.0,3.0,0.0,0.0,1.0,1.0,4.0,2.0,VitoriaMandante,1
19,Athletico-PR,,,Atlético-MG,Ligga Arena,,,,,,,,,,,,,,,,,,,,,,,,Empate,0
19,Corinthians,2,2,Grêmio,Neo Química Arena,25/07,Quinta,20:00,14.0,18.0,7.0,7.0,64%,36%,474.0,272.0,84%,71%,21.0,17.0,1.0,2.0,0.0,0.0,1.0,2.0,4.0,5.0,Empate,0
19,Criciúma,1,0,Bragantino,Heriberto Hülse,28/08,Quarta,19:30,13.0,15.0,2.0,6.0,48%,52%,352.0,363.0,79%,79%,17.0,15.0,3.0,5.0,0.0,0.0,0.0,1.0,6.0,8.0,VitoriaMandante,1
19,Internacional,2,1,Fortaleza,Beira-Rio,11/09,Quarta,19:30,16.0,12.0,8.0,1.0,61%,39%,544.0,347.0,88%,74%,19.0,9.0,2.0,4.0,0.0,1.0,4.0,2.0,8.0,3.0,VitoriaMandante,1
19,Vasco,,,Cuiabá,São Januário,23/10,Quarta,19:00,,,,,,,,,,,,,,,,,,,,,Empate,0
19,Atlético-GO,1,1,Bahia,Antônio Accioly,24/07,Quarta,21:30,15.0,7.0,4.0,2.0,29%,71%,223.0,584.0,68%,85%,18.0,12.0,3.0,4.0,3.0,0.0,4.0,3.0,8.0,4.0,Empate,0
20,Palmeiras,0,2,Vitória,Allianz Parque,27/07,Sábado,19:00,21.0,10.0,3.0,3.0,71%,29%,610.0,264.0,88%,72%,14.0,9.0,2.0,6.0,0.0,1.0,1.0,1.0,13.0,2.0,VitoriaVisitante,-1
20,Juventude,1,2,Criciúma,Alfredo Jaconi,27/07,Sábado,19:00,12.0,14.0,5.0,7.0,59%,41%,487.0,340.0,83%,79%,13.0,18.0,1.0,2.0,0.0,0.0,1.0,0.0,5.0,7.0,VitoriaVisitante,-1
20,Bahia,1,1,Internacional,Casa de Apostas Arena Fonte Nova,27/07,Sábado,20:00,9.0,12.0,3.0,2.0,52%,48%,500.0,475.0,83%,84%,12.0,18.0,1.0,3.0,0.0,0.0,3.0,4.0,4.0,2.0,Empate,0
20,Fortaleza,1,0,São Paulo,Castelão (CE),27/07,Sábado,21:30,11.0,12.0,2.0,1.0,36%,64%,280.0,486.0,74%,85%,15.0,16.0,3.0,4.0,1.0,0.0,2.0,3.0,3.0,10.0,VitoriaMandante,1
20,Botafogo,0,3,Cruzeiro,Nilton Santos (Engenhão),27/07,Sábado,21:30,19.0,12.0,10.0,5.0,59%,41%,494.0,363.0,87%,81%,14.0,15.0,2.0,4.0,0.0,0.0,2.0,1.0,8.0,1.0,VitoriaVisitante,-1
20,Flamengo,2,0,Atlético-GO,Maracanã,28/07,Domingo,16:00,12.0,12.0,6.0,3.0,53%,47%,508.0,446.0,85%,80%,9.0,12.0,3.0,2.0,0.0,0.0,2.0,0.0,6.0,3.0,VitoriaMandante,1
20,Grêmio,1,0,Vasco,Arena Condá,28/07,Domingo,19:00,20.0,13.0,3.0,1.0,53%,47%,271.0,243.0,62%,53%,13.0,13.0,3.0,4.0,0.0,0.0,2.0,3.0,8.0,3.0,VitoriaMandante,1
20,Atlético-MG,2,1,Corinthians,Arena MRV,28/07,Domingo,19:00,10.0,11.0,4.0,7.0,68%,32%,589.0,272.0,88%,72%,17.0,16.0,1.0,3.0,1.0,0.0,3.0,1.0,4.0,4.0,VitoriaMandante,1
20,Cuiabá,1,2,Athletico-PR,Arena Pantanal,28/07,Domingo,19:00,21.0,11.0,5.0,4.0,49%,51%,432.0,464.0,84%,83%,8.0,12.0,0.0,2.0,0.0,0.0,4.0,0.0,12.0,2.0,VitoriaVisitante,-1
20,Bragantino,0,1,Fluminense,Nabi Abi Chedid,28/07,Domingo,11:00,13.0,7.0,2.0,3.0,59%,41%,466.0,328.0,80%,75%,12.0,13.0,1.0,2.0,0.0,0.0,0.0,1.0,5.0,6.0,VitoriaVisitante,-1
21,Vitória,1,0,Cuiabá,Barradão,03/08,Sábado,16:00,17.0,9.0,3.0,2.0,46%,54%,378.0,442.0,85%,86%,16.0,17.0,3.0,3.0,0.0,0.0,1.0,1.0,4.0,5.0,VitoriaMandante,1
21,Vasco,2,2,Bragantino,São Januário,03/08,Sábado,19:00,11.0,7.0,3.0,3.0,64%,36%,550.0,314.0,84%,78%,8.0,18.0,4.0,1.0,0.0,0.0,1.0,1.0,4.0,3.0,Empate,0
21,Atlético-GO,1,4,Botafogo,Antônio Accioly,03/08,Sábado,20:00,9.0,13.0,3.0,9.0,47%,53%,310.0,337.0,78%,78%,17.0,14.0,3.0,3.0,1.0,1.0,1.0,1.0,3.0,7.0,VitoriaVisitante,-1
21,Criciúma,2,1,Atlético-MG,Heriberto Hülse,03/08,Sábado,20:00,13.0,19.0,5.0,3.0,27%,73%,239.0,660.0,67%,88%,14.0,7.0,1.0,2.0,0.0,0.0,2.0,3.0,5.0,1.0,VitoriaMandante,1
21,São Paulo,1,0,Flamengo,Morumbis,03/08,Sábado,21:30,15.0,8.0,3.0,0.0,60%,40%,507.0,347.0,88%,80%,11.0,13.0,1.0,3.0,0.0,0.0,3.0,0.0,8.0,3.0,VitoriaMandante,1
21,Fluminense,1,0,Bahia,Maracanã,04/08,Domingo,16:00,12.0,11.0,6.0,3.0,49%,51%,458.0,483.0,87%,86%,12.0,10.0,3.0,2.0,0.0,0.0,2.0,0.0,3.0,3.0,VitoriaMandante,1
21,Corinthians,1,1,Juventude,Neo Química Arena,04/08,Domingo,16:00,34.0,6.0,10.0,3.0,65%,35%,430.0,252.0,84%,64%,16.0,15.0,2.0,5.0,0.0,3.0,0.0,1.0,11.0,3.0,Empate,0
21,Athletico-PR,0,2,Grêmio,Ligga Arena,04/08,Domingo,16:00,18.0,9.0,3.0,7.0,75%,25%,681.0,240.0,88%,67%,12.0,12.0,2.0,0.0,0.0,0.0,1.0,3.0,9.0,0.0,VitoriaVisitante,-1
21,Internacional,1,1,Palmeiras,Beira-Rio,04/08,Domingo,17:00,16.0,17.0,7.0,5.0,40%,60%,388.0,554.0,76%,84%,19.0,6.0,2.0,0.0,0.0,0.0,1.0,5.0,4.0,11.0,Empate,0
21,Cruzeiro,1,2,Fortaleza,Kleber Andrade,05/08,Segunda,21:00,15.0,11.0,7.0,4.0,69%,31%,600.0,287.0,85%,70%,18.0,17.0,4.0,4.0,0.0,0.0,1.0,2.0,5.0,1.0,VitoriaVisitante,-1
22,Fortaleza,1,0,Criciúma,Castelão (CE),10/08,Sábado,16:00,16.0,12.0,4.0,2.0,51%,49%,447.0,433.0,82%,81%,16.0,13.0,2.0,4.0,0.0,0.0,2.0,1.0,4.0,6.0,VitoriaMandante,1
22,Cuiabá,1,3,Grêmio,Arena Pantanal,10/08,Sábado,19:00,15.0,10.0,3.0,6.0,61%,39%,521.0,345.0,86%,77%,15.0,7.0,1.0,2.0,0.0,0.0,3.0,1.0,5.0,5.0,VitoriaVisitante,-1
22,Cruzeiro,0,0,Atlético-MG,Mineirão,10/08,Sábado,21:30,6.0,12.0,1.0,4.0,35%,65%,307.0,576.0,77%,86%,19.0,12.0,3.0,1.0,0.0,0.0,2.0,2.0,4.0,4.0,Empate,0
22,Vasco,2,0,Fluminense,Nilton Santos (Engenhão),10/08,Sábado,21:30,8.0,12.0,3.0,3.0,43%,57%,416.0,547.0,85%,90%,23.0,12.0,3.0,3.0,0.0,0.0,2.0,1.0,6.0,3.0,VitoriaMandante,1
22,Internacional,2,2,Athletico-PR,Beira-Rio,11/08,Domingo,19:00,23.0,12.0,4.0,5.0,54%,46%,472.0,428.0,82%,80%,18.0,13.0,1.0,2.0,0.0,0.0,0.0,2.0,9.0,0.0,Empate,0
22,Juventude,3,2,Botafogo,Alfredo Jaconi,11/08,Domingo,11:00,16.0,24.0,8.0,10.0,36%,64%,309.0,538.0,79%,89%,10.0,14.0,3.0,5.0,0.0,0.0,1.0,0.0,6.0,12.0,VitoriaMandante,1
22,Bahia,2,0,Vitória,Casa de Apostas Arena Fonte Nova,11/08,Domingo,16:00,7.0,14.0,3.0,5.0,57%,43%,509.0,372.0,85%,83%,10.0,12.0,3.0,4.0,0.0,0.0,2.0,0.0,3.0,7.0,VitoriaMandante,1
22,Flamengo,1,1,Palmeiras,Maracanã,11/08,Domingo,16:00,11.0,9.0,7.0,7.0,52%,48%,387.0,365.0,76%,80%,15.0,21.0,1.0,2.0,0.0,1.0,1.0,2.0,4.0,2.0,Empate,0
22,São Paulo,1,0,Atlético-GO,Morumbis,11/08,Domingo,16:00,12.0,13.0,7.0,6.0,45%,55%,451.0,551.0,86%,86%,15.0,8.0,1.0,2.0,0.0,0.0,1.0,1.0,3.0,2.0,VitoriaMandante,1
22,Corinthians,1,1,Bragantino,Neo Química Arena,10/08,Sábado,21:30,19.0,11.0,5.0,6.0,63%,37%,483.0,294.0,84%,68%,11.0,18.0,4.0,6.0,0.0,0.0,3.0,1.0,6.0,6.0,Empate,0
23,Grêmio,0,2,Bahia,Alfredo Jaconi,17/08,Sábado,16:00,13.0,12.0,5.0,5.0,39%,61%,405.0,619.0,84%,90%,10.0,10.0,3.0,1.0,0.0,0.0,1.0,1.0,1.0,5.0,VitoriaVisitante,-1
23,Fluminense,0,0,Corinthians,Maracanã,17/08,Sábado,21:00,16.0,8.0,4.0,2.0,56%,44%,456.0,372.0,88%,82%,10.0,17.0,2.0,2.0,0.0,0.0,0.0,3.0,6.0,2.0,Empate,0
23,Bragantino,1,2,Fortaleza,Nabi Abi Chedid,17/08,Sábado,18:30,13.0,14.0,9.0,7.0,61%,39%,457.0,300.0,80%,72%,19.0,13.0,4.0,4.0,0.0,0.0,3.0,1.0,9.0,2.0,VitoriaVisitante,-1
23,Palmeiras,2,1,São Paulo,Allianz Parque,18/08,Domingo,16:00,24.0,8.0,8.0,4.0,54%,46%,417.0,380.0,84%,82%,17.0,12.0,4.0,1.0,1.0,2.0,2.0,1.0,6.0,1.0,VitoriaMandante,1
23,Atlético-MG,1,1,Cuiabá,Arena MRV,17/08,Sábado,16:00,13.0,11.0,4.0,6.0,61%,39%,432.0,290.0,88%,77%,13.0,14.0,3.0,6.0,0.0,0.0,3.0,0.0,8.0,6.0,Empate,0
23,Criciúma,2,2,Vasco,Heriberto Hülse,18/08,Domingo,16:00,19.0,13.0,8.0,4.0,51%,49%,434.0,429.0,81%,81%,15.0,7.0,3.0,2.0,0.0,0.0,4.0,1.0,9.0,10.0,Empate,0
23,Botafogo,4,1,Flamengo,Nilton Santos (Engenhão),18/08,Domingo,18:30,19.0,10.0,9.0,4.0,54%,46%,472.0,400.0,90%,84%,17.0,7.0,4.0,2.0,0.0,0.0,3.0,0.0,5.0,2.0,VitoriaMandante,1
23,Athletico-PR,1,2,Juventude,Ligga Arena,18/08,Domingo,18:30,23.0,8.0,7.0,5.0,60%,40%,462.0,314.0,84%,70%,17.0,10.0,4.0,2.0,0.0,0.0,1.0,1.0,10.0,4.0,VitoriaVisitante,-1
23,Vitória,2,2,Cruzeiro,Barradão,19/08,Segunda,20:00,14.0,25.0,5.0,12.0,30%,70%,216.0,495.0,68%,84%,10.0,13.0,1.0,3.0,1.0,0.0,0.0,0.0,4.0,7.0,Empate,0
23,Atlético-GO,1,0,Internacional,Antônio Accioly,18/08,Domingo,16:00,13.0,19.0,5.0,6.0,41%,59%,332.0,466.0,74%,81%,11.0,6.0,3.0,0.0,0.0,0.0,1.0,0.0,4.0,7.0,VitoriaMandante,1
24,Atlético-GO,2,1,Juventude,Antônio Accioly,24/08,Sábado,16:00,19.0,13.0,7.0,3.0,40%,60%,274.0,402.0,77%,82%,17.0,10.0,3.0,4.0,1.0,1.0,0.0,2.0,4.0,5.0,VitoriaMandante,1
24,Palmeiras,5,0,Cuiabá,Brinco de Ouro,24/08,Sábado,18:30,14.0,10.0,9.0,3.0,58%,42%,450.0,336.0,85%,85%,16.0,6.0,1.0,1.0,0.0,0.0,1.0,2.0,7.0,1.0,VitoriaMandante,1
24,Atlético-MG,0,2,Fluminense,Mineirão,24/08,Sábado,21:00,19.0,8.0,0.0,6.0,61%,39%,486.0,335.0,84%,77%,19.0,7.0,5.0,3.0,0.0,0.0,1.0,0.0,5.0,2.0,VitoriaVisitante,-1
24,Bahia,0,0,Botafogo,Casa de Apostas Arena Fonte Nova,25/08,Domingo,16:00,17.0,14.0,7.0,5.0,54%,46%,409.0,359.0,85%,82%,19.0,21.0,4.0,4.0,0.0,0.0,3.0,2.0,4.0,7.0,Empate,0
24,Fortaleza,1,0,Corinthians,Castelão (CE),25/08,Domingo,16:00,8.0,12.0,5.0,4.0,44%,56%,344.0,430.0,84%,81%,14.0,16.0,3.0,3.0,0.0,0.0,2.0,2.0,3.0,9.0,VitoriaMandante,1
24,São Paulo,2,1,Vitória,Morumbis,25/08,Domingo,18:30,12.0,10.0,3.0,4.0,59%,41%,536.0,372.0,89%,86%,7.0,8.0,0.0,2.0,0.0,0.0,1.0,0.0,4.0,3.0,VitoriaMandante,1
24,Internacional,1,0,Cruzeiro,Beira-Rio,25/08,Domingo,19:00,19.0,5.0,9.0,3.0,44%,56%,372.0,502.0,78%,78%,12.0,9.0,3.0,2.0,0.0,0.0,0.0,0.0,12.0,3.0,VitoriaMandante,1
24,Flamengo,2,1,Bragantino,Maracanã,25/08,Domingo,20:00,13.0,12.0,7.0,2.0,56%,44%,470.0,363.0,84%,80%,13.0,12.0,1.0,1.0,0.0,0.0,1.0,1.0,6.0,10.0,VitoriaMandante,1
24,Vasco,2,1,Athletico-PR,São Januário,26/08,Segunda,21:00,7.0,9.0,5.0,4.0,46%,54%,334.0,405.0,82%,81%,10.0,11.0,1.0,2.0,0.0,1.0,4.0,1.0,4.0,5.0,VitoriaMandante,1
24,Criciúma,0,1,Grêmio,Heriberto Hülse,25/08,Domingo,16:00,19.0,14.0,4.0,4.0,46%,54%,395.0,457.0,78%,82%,15.0,8.0,2.0,1.0,0.0,0.0,3.0,4.0,6.0,9.0,VitoriaVisitante,-1
25,Cuiabá,2,1,Criciúma,Arena Pantanal,31/08,Sábado,18:30,22.0,12.0,3.0,3.0,45%,55%,385.0,484.0,84%,85%,16.0,9.0,4.0,0.0,0.0,0.0,0.0,3.0,5.0,5.0,VitoriaMandante,1
25,Botafogo,2,0,Fortaleza,Nilton Santos (Engenhão),31/08,Sábado,21:00,22.0,10.0,7.0,1.0,65%,35%,567.0,320.0,87%,74%,13.0,8.0,3.0,4.0,0.0,0.0,2.0,0.0,9.0,6.0,VitoriaMandante,1
25,Grêmio,2,3,Atlético-MG,Arena do Grêmio,01/09,Domingo,11:00,11.0,27.0,5.0,13.0,27%,73%,211.0,557.0,74%,89%,11.0,17.0,2.0,3.0,1.0,0.0,0.0,3.0,5.0,9.0,VitoriaVisitante,-1
25,Cruzeiro,3,1,Atlético-GO,Mineirão,01/09,Domingo,11:00,11.0,17.0,6.0,4.0,49%,51%,437.0,441.0,85%,87%,13.0,7.0,2.0,5.0,0.0,0.0,0.0,3.0,8.0,3.0,VitoriaMandante,1
25,Fluminense,2,0,São Paulo,Maracanã,01/09,Domingo,18:30,10.0,14.0,5.0,3.0,44%,56%,418.0,513.0,86%,88%,13.0,16.0,4.0,4.0,0.0,0.0,0.0,0.0,5.0,4.0,VitoriaMandante,1
25,Vitória,0,1,Vasco,Barradão,01/09,Domingo,18:30,21.0,9.0,5.0,6.0,47%,53%,373.0,443.0,81%,81%,7.0,7.0,3.0,3.0,0.0,0.0,1.0,2.0,10.0,3.0,VitoriaVisitante,-1
25,Bragantino,2,1,Bahia,Nabi Abi Chedid,01/09,Domingo,18:30,15.0,16.0,6.0,6.0,30%,70%,254.0,614.0,75%,89%,8.0,13.0,2.0,3.0,0.0,0.0,3.0,1.0,5.0,10.0,VitoriaMandante,1
25,Athletico-PR,0,2,Palmeiras,Ligga Arena,01/09,Domingo,18:30,15.0,19.0,9.0,10.0,46%,54%,453.0,537.0,79%,80%,10.0,9.0,2.0,1.0,0.0,0.0,0.0,2.0,4.0,4.0,VitoriaVisitante,-1
25,Juventude,1,3,Internacional,Alfredo Jaconi,01/09,Domingo,18:30,14.0,18.0,5.0,8.0,36%,64%,267.0,478.0,67%,83%,13.0,17.0,1.0,2.0,1.0,0.0,0.0,1.0,6.0,4.0,VitoriaVisitante,-1
25,Corinthians,2,1,Flamengo,Neo Química Arena,01/09,Domingo,16:00,13.0,10.0,4.0,3.0,42%,58%,326.0,450.0,80%,84%,18.0,18.0,5.0,4.0,2.0,1.0,3.0,0.0,5.0,2.0,VitoriaMandante,1
26,Internacional,3,0,Cuiabá,Beira Rio,16/09,Ontem,20:00,15.0,2.0,7.0,0.0,68%,32%,661.0,319.0,89%,81%,8.0,10.0,1.0,2.0,0.0,0.0,3.0,2.0,2.0,3.0,VitoriaMandante,1
26,Flamengo,1,1,Vasco,Maracanã,15/09,Domingo,18:30,17.0,9.0,3.0,2.0,61%,39%,538.0,342.0,87%,79%,10.0,10.0,0.0,1.0,0.0,0.0,3.0,1.0,5.0,6.0,Empate,0
26,Bahia,3,0,Atlético-MG,Casa de Apostas Arena Fonte Nova,15/09,Domingo,18:30,16.0,5.0,4.0,2.0,55%,45%,530.0,448.0,87%,85%,17.0,16.0,1.0,3.0,0.0,0.0,1.0,3.0,6.0,1.0,VitoriaMandante,1
26,Cruzeiro,0,1,São Paulo,Mineirão,15/09,Domingo,18:30,14.0,14.0,1.0,4.0,61%,39%,502.0,332.0,87%,79%,11.0,10.0,4.0,3.0,0.0,0.0,1.0,1.0,7.0,7.0,VitoriaVisitante,-1
26,Juventude,2,1,Fluminense,Alfredo Jaconi,15/09,Domingo,16:00,12.0,8.0,5.0,1.0,54%,46%,432.0,404.0,82%,80%,8.0,9.0,5.0,4.0,0.0,0.0,2.0,1.0,8.0,5.0,VitoriaMandante,1
26,Bragantino,2,2,Grêmio,Nabi Abi Chedid,15/09,Domingo,16:00,23.0,8.0,6.0,4.0,46%,54%,300.0,349.0,78%,79%,12.0,7.0,5.0,1.0,0.0,0.0,2.0,1.0,6.0,7.0,Empate,0
26,Palmeiras,5,0,Criciúma,Allianz Parque,15/09,Domingo,16:00,14.0,14.0,8.0,5.0,54%,46%,443.0,384.0,85%,84%,12.0,11.0,0.0,3.0,1.0,0.0,3.0,2.0,4.0,6.0,VitoriaMandante,1
26,Botafogo,2,1,Corinthians,Nilton Santos (Engenhão),14/09,Sábado,21:00,21.0,12.0,10.0,2.0,57%,43%,527.0,394.0,86%,82%,12.0,7.0,1.0,3.0,0.0,0.0,0.0,1.0,6.0,3.0,VitoriaMandante,1
26,Athletico-PR,1,1,Fortaleza,Ligga Arena,14/09,Sábado,18:30,30.0,10.0,9.0,3.0,56%,44%,483.0,389.0,80%,79%,12.0,10.0,2.0,2.0,0.0,0.0,3.0,0.0,13.0,4.0,Empate,0
26,Atlético-GO,0,2,Vitória,Antônio Accioly,14/09,Sábado,16:00,13.0,7.0,4.0,4.0,64%,36%,468.0,277.0,87%,79%,14.0,14.0,3.0,6.0,0.0,0.0,0.0,0.0,9.0,5.0,VitoriaVisitante,-1
27,Vitória,1,0,Juventude,Barradão,21/09,Sábado,16:00,13.0,11.0,2.0,2.0,35%,65%,265.0,469.0,74%,86%,12.0,15.0,3.0,4.0,0.0,0.0,3.0,0.0,4.0,5.0,VitoriaMandante,1
27,Corinthians,3,0,Atlético-GO,Neo Química Arena,21/09,Sábado,16:00,17.0,14.0,7.0,3.0,61%,39%,571.0,376.0,84%,80%,7.0,17.0,3.0,4.0,0.0,0.0,3.0,1.0,6.0,1.0,VitoriaMandante,1
27,Fluminense,0,1,Botafogo,Maracanã,21/09,Sábado,18:30,13.0,9.0,5.0,6.0,49%,51%,411.0,424.0,85%,83%,13.0,17.0,1.0,1.0,0.0,0.0,0.0,3.0,5.0,4.0,VitoriaVisitante,-1
27,Fortaleza,4,1,Bahia,Castelão (CE),21/09,Sábado,21:00,11.0,9.0,7.0,4.0,36%,64%,382.0,655.0,82%,90%,13.0,9.0,2.0,1.0,1.0,0.0,3.0,4.0,2.0,1.0,VitoriaMandante,1
27,Grêmio,3,2,Flamengo,Arena do Grêmio,22/09,Domingo,18:30,12.0,20.0,3.0,8.0,43%,57%,373.0,482.0,82%,90%,6.0,13.0,1.0,0.0,0.0,1.0,1.0,1.0,4.0,6.0,VitoriaMandante,1
27,Vasco,0,1,Palmeiras,Mané Garrincha,22/09,Domingo,16:00,10.0,14.0,3.0,3.0,55%,45%,412.0,351.0,79%,76%,8.0,14.0,1.0,3.0,0.0,0.0,0.0,2.0,5.0,5.0,VitoriaVisitante,-1
27,São Paulo,1,3,Internacional,Morumbis,22/09,Domingo,18:30,7.0,14.0,2.0,6.0,61%,39%,460.0,287.0,85%,74%,18.0,16.0,5.0,1.0,0.0,0.0,6.0,2.0,2.0,4.0,VitoriaVisitante,-1
27,Cuiabá,0,0,Cruzeiro,Arena Pantanal,22/09,Domingo,18:30,9.0,13.0,4.0,2.0,47%,53%,432.0,473.0,85%,84%,10.0,10.0,0.0,1.0,0.0,1.0,2.0,0.0,4.0,5.0,Empate,0
27,Criciúma,0,0,Athletico-PR,Heriberto Hülse,22/09,Domingo,20:00,25.0,10.0,6.0,3.0,62%,38%,499.0,321.0,82%,67%,11.0,12.0,2.0,2.0,0.0,0.0,0.0,0.0,12.0,1.0,Empate,0
27,Atlético-MG,3,0,Bragantino,Arena MRV,22/09,Domingo,16:00,13.0,8.0,8.0,3.0,51%,49%,391.0,390.0,75%,74%,14.0,9.0,2.0,3.0,0.0,0.0,2.0,1.0,4.0,2.0,VitoriaMandante,1
28,Flamengo,1,0,Athletico-PR,Maracanã,29/09,Ontem,20:00,17.0,7.0,5.0,1.0,70%,30%,706.0,306.0,90%,75%,12.0,13.0,2.0,2.0,0.0,0.0,2.0,3.0,6.0,1.0,VitoriaMandante,1
28,Bahia,1,0,Criciúma,Casa de Apostas Arena Fonte Nova,29/09,Ontem,18:30,21.0,2.0,7.0,1.0,55%,45%,512.0,431.0,85%,82%,10.0,8.0,1.0,2.0,0.0,0.0,0.0,5.0,9.0,1.0,VitoriaMandante,1
28,Cruzeiro,1,1,Vasco,Mineirão,29/09,Ontem,18:30,15.0,13.0,6.0,4.0,57%,43%,451.0,353.0,82%,80%,7.0,6.0,0.0,3.0,0.0,1.0,1.0,0.0,11.0,4.0,Empate,0
28,Internacional,3,1,Vitória,Beira-Rio,29/09,Ontem,18:30,10.0,7.0,5.0,4.0,54%,46%,501.0,421.0,84%,83%,26.0,8.0,3.0,1.0,0.0,0.0,0.0,4.0,2.0,6.0,VitoriaMandante,1
28,Atlético-GO,1,0,Fluminense,Antônio Accioly,29/09,Ontem,16:00,16.0,13.0,7.0,2.0,39%,61%,317.0,494.0,82%,85%,15.0,14.0,1.0,2.0,0.0,1.0,2.0,0.0,4.0,3.0,VitoriaMandante,1
28,Fortaleza,1,0,Cuiabá,Castelão (CE),29/09,Ontem,16:00,15.0,2.0,6.0,1.0,54%,46%,457.0,403.0,85%,79%,18.0,9.0,2.0,4.0,0.0,0.0,2.0,7.0,7.0,3.0,VitoriaMandante,1
28,São Paulo,3,1,Corinthians,Mané Garrincha,29/09,Ontem,16:00,19.0,11.0,8.0,3.0,53%,47%,379.0,339.0,86%,82%,18.0,17.0,6.0,4.0,0.0,2.0,2.0,2.0,7.0,2.0,VitoriaMandante,1
28,Juventude,1,1,Bragantino,Alfredo Jaconi,29/09,Ontem,11:00,12.0,15.0,6.0,6.0,53%,47%,378.0,345.0,83%,78%,9.0,19.0,1.0,6.0,0.0,0.0,1.0,0.0,4.0,5.0,Empate,0
28,Botafogo,0,0,Grêmio,Mané Garrincha,28/09,Sábado,21:00,15.0,11.0,3.0,4.0,63%,37%,470.0,285.0,89%,79%,10.0,14.0,4.0,3.0,0.0,1.0,2.0,0.0,5.0,3.0,Empate,0
28,Palmeiras,2,1,Atlético-MG,Brinco de Ouro,28/09,Sábado,18:30,15.0,6.0,8.0,3.0,43%,57%,324.0,436.0,78%,82%,15.0,10.0,2.0,2.0,0.0,0.0,2.0,1.0,7.0,3.0,VitoriaMandante,1
29,Vasco,1,1,Juventude,São Januário,05/10,Sábado,21:00,16.0,17.0,3.0,5.0,55%,45%,403.0,325.0,78%,74%,14.0,13.0,1.0,3.0,1.0,0.0,3.0,1.0,3.0,6.0,Empate,0
29,Cuiabá,2,0,São Paulo,Arena Pantanal,05/10,Sábado,19:00,7.0,12.0,3.0,3.0,21%,79%,200.0,719.0,68%,90%,12.0,8.0,2.0,2.0,0.0,0.0,1.0,1.0,3.0,7.0,VitoriaMandante,1
29,Corinthians,2,2,Internacional,Neo Química Arena,05/10,Sábado,19:00,15.0,9.0,6.0,3.0,54%,46%,431.0,368.0,81%,82%,11.0,14.0,6.0,4.0,0.0,0.0,3.0,0.0,9.0,9.0,Empate,0
29,Bahia,0,2,Flamengo,Casa de Apostas Arena Fonte Nova,05/10,Sábado,19:00,9.0,14.0,2.0,7.0,46%,54%,463.0,535.0,82%,84%,20.0,11.0,5.0,4.0,1.0,0.0,3.0,4.0,3.0,7.0,VitoriaVisitante,-1
29,Athletico-PR,0,1,Botafogo,Ligga Arena,05/10,Sábado,16:30,26.0,11.0,3.0,3.0,54%,46%,445.0,409.0,81%,77%,8.0,20.0,2.0,4.0,0.0,0.0,0.0,2.0,8.0,3.0,VitoriaVisitante,-1
29,Bragantino,0,0,Palmeiras,Nabi Abi Chedid,05/10,Sábado,16:30,17.0,14.0,5.0,5.0,40%,60%,351.0,513.0,74%,84%,7.0,14.0,4.0,3.0,1.0,1.0,3.0,0.0,1.0,3.0,Empate,0
29,Atlético-MG,2,2,Vitória,Arena MRV,05/10,Sábado,16:30,14.0,9.0,3.0,3.0,56%,44%,492.0,377.0,84%,81%,13.0,14.0,1.0,0.0,1.0,0.0,1.0,3.0,2.0,5.0,Empate,0
29,Grêmio,3,1,Fortaleza,Arena do Grêmio,04/10,Sexta,21:30,16.0,7.0,6.0,5.0,37%,63%,340.0,584.0,76%,84%,11.0,9.0,2.0,2.0,1.0,1.0,2.0,1.0,10.0,2.0,VitoriaMandante,1
29,Fluminense,1,0,Cruzeiro,Maracanã,03/10,Quinta,21:30,14.0,13.0,5.0,5.0,47%,53%,382.0,430.0,81%,81%,19.0,16.0,8.0,3.0,0.0,0.0,1.0,1.0,2.0,2.0,VitoriaMandante,1
29,Criciúma,2,0,Atlético-GO,Heriberto Hülse,03/10,Quinta,19:00,17.0,14.0,5.0,3.0,46%,54%,385.0,439.0,78%,81%,16.0,8.0,1.0,4.0,0.0,0.0,1.0,1.0,7.0,6.0,VitoriaMandante,1
30,Internacional,1,0,Grêmio,,20/10,,,18.0,9.0,6.0,7.0,64%,36%,495.0,278.0,83%,67%,14.0,15.0,1.0,3.0,0.0,0.0,1.0,1.0,3.0,6.0,VitoriaMandante,1
30,Cruzeiro,1,1,Bahia,,20/10,,,11.0,10.0,3.0,4.0,48%,52%,402.0,425.0,83%,84%,10.0,8.0,1.0,2.0,0.0,0.0,2.0,5.0,5.0,7.0,Empate,0
30,Vitória,1,0,Bragantino,,20/10,,,11.0,9.0,3.0,1.0,49%,51%,395.0,403.0,83%,80%,15.0,8.0,2.0,1.0,0.0,0.0,2.0,0.0,5.0,5.0,VitoriaMandante,1
30,Flamengo,0,2,Fluminense,,20/10,,,20.0,12.0,5.0,3.0,61%,39%,517.0,350.0,84%,78%,15.0,15.0,1.0,3.0,0.0,0.0,3.0,1.0,5.0,1.0,VitoriaVisitante,-1
30,Botafogo,1,1,Criciúma,,20/10,,,25.0,6.0,7.0,3.0,73%,27%,690.0,258.0,87%,68%,12.0,10.0,1.0,2.0,0.0,0.0,1.0,2.0,9.0,1.0,Empate,0
30,Corinthians,5,2,Athletico-PR,,20/10,,,14.0,22.0,8.0,6.0,61%,39%,565.0,343.0,84%,80%,9.0,7.0,4.0,3.0,0.0,0.0,0.0,2.0,3.0,8.0,VitoriaMandante,1
30,São Paulo,3,0,Vasco,,20/10,,,14.0,9.0,6.0,3.0,48%,52%,415.0,440.0,85%,83%,8.0,6.0,1.0,0.0,0.0,0.0,1.0,1.0,3.0,5.0,VitoriaMandante,1
30,Fortaleza,1,1,Atlético-MG,,20/10,,,14.0,18.0,1.0,5.0,46%,54%,380.0,446.0,80%,87%,9.0,10.0,2.0,3.0,2.0,0.0,0.0,3.0,7.0,3.0,Empate,0
30,Atlético-GO,0,0,Cuiabá,,20/10,,,16.0,6.0,4.0,0.0,60%,40%,466.0,324.0,85%,72%,17.0,15.0,2.0,3.0,0.0,0.0,0.0,1.0,8.0,4.0,Empate,0
30,Juventude,3,5,Palmeiras,,20/10,,,25.0,14.0,6.0,7.0,53%,47%,342.0,329.0,83%,80%,15.0,19.0,2.0,5.0,0.0,0.0,1.0,5.0,7.0,5.0,VitoriaVisitante,-1
